{"Loss/surrogate":-0.008539043029304593,"Policy/mean_kl":0.015935764813912102,"Loss/learning_rate":0.001975308641975309,"Episode/rew_torques":-0.004663672763854265,"Perf/collection time":3.2713985443115234,"Episode/rew_jump_height":0,"Episode/rew_keep_balance":0.06297178566455841,"Perf/learning_time":0.12500500679016113,"_wandb":{"runtime":141},"_timestamp":1.7574189911550505e+09,"Policy/mean_noise_std":0.9924833178520203,"Episode/rew_foot_landing_vel":-0.01541317068040371,"Loss/encoder":0.30907742530107496,"log_dir":"Sep09_11-54-07_","Train/mean_reward":-12.099288940429688,"Episode/rew_tracking_contacts_shaped_vel":-0.048882950097322464,"_runtime":141.344770088,"Episode/rew_tracking_ang_vel":0.004021118860691786,"Episode/rew_feet_distance":-0.03935118764638901,"Episode/rew_base_height":-0.08951433002948761,"Episode/rew_action_smooth":-0.02130349911749363,"_step":40,"Episode/rew_tracking_contacts_shaped_force":-0.015697922557592392,"Episode/rew_orientation":-0.4038643538951874,"Episode/rew_feet_regulation":-0.007021755911409855,"Loss/value_function":1.0672266840934754,"Episode/rew_dof_pos_limits":-0.00019384293409530073,"Episode/rew_lin_vel_z":-0.009148264303803444,"Train/mean_episode_length":59.82,"Episode/rew_action_rate":-0.0072449552826583385,"Perf/total_fps":7066,"Episode/rew_collision":-0.009566212072968483,"Episode/rew_dof_acc":-0.003407322335988283,"Episode/rew_ang_vel_xy":-0.02670031413435936}