{"Episode/rew_collision":-0.0038806749507784843,"Episode/rew_feet_distance":-0.0021860571578145027,"Episode/rew_dof_acc":-0.0036724284291267395,"Episode/rew_tracking_ang_vel":0.003692090045660734,"log_dir":"Sep09_03-14-51_","Episode/rew_base_height":-0.017229696735739708,"Train/mean_reward":-8.212238712310791,"Episode/rew_tracking_lin_vel":0.008899301290512085,"_runtime":212.934688242,"Policy/mean_noise_std":1.024800181388855,"_wandb":{"runtime":212},"Episode/rew_dof_pos_limits":-0.0006748062442056835,"Loss/surrogate":0.00030317865312099455,"Loss/encoder":0.2174792043864727,"Policy/mean_kl":0.013334153027972206,"Episode/rew_action_smooth":-0.019915156066417694,"_step":150,"Train/mean_episode_length":58.76,"Episode/rew_orientation":-0.18080109357833862,"Perf/collection time":0.8415236473083496,"Perf/total_fps":142454,"Episode/rew_lin_vel_z":-0.01023603230714798,"Episode/rew_keep_balance":0.0562637560069561,"Episode/rew_tracking_contacts_shaped_vel":-0.043326497077941895,"Episode/rew_foot_landing_vel":-0.09224753081798553,"Perf/learning_time":0.5386250019073486,"Episode/rew_torques":-0.006295187398791313,"Loss/learning_rate":0.00026012294873748923,"_timestamp":1.7573879053322194e+09,"Loss/value_function":0.39432467967271806,"Episode/rew_feet_regulation":-0.023214571177959442,"Episode/rew_tracking_contacts_shaped_force":-0.013717043213546276,"Episode/rew_ang_vel_xy":-0.05333804339170456,"Episode/rew_action_rate":-0.007534905336797237}