{"Episode/rew_tracking_contacts_shaped_vel":-0.04044970124959946,"Episode/rew_tracking_contacts_shaped_force":-0.014222821220755577,"Episode/rew_base_height":-0.01557321660220623,"_step":89,"Episode/rew_action_rate":-0.006665486842393875,"Episode/rew_torques":-0.005366669502109289,"Episode/rew_ang_vel_xy":-0.035663217306137085,"Perf/total_fps":7423,"Perf/collection time":25.969966650009155,"Episode/rew_tracking_ang_vel":0.003558393567800522,"Train/mean_reward":-8.274380016326905,"Episode/rew_feet_distance":-0.005676299333572388,"Episode/rew_action_smooth":-0.01858084835112095,"Episode/rew_keep_balance":0.05488675832748413,"log_dir":"Sep09_03-25-18_","Policy/mean_noise_std":1.015730381011963,"Loss/value_function":0.6057020395994186,"_wandb":{"runtime":2389},"Loss/surrogate":-0.0015140316987526602,"Episode/rew_orientation":-0.28303295373916626,"Loss/learning_rate":0.0013168724279835394,"Episode/rew_lin_vel_z":-0.00876089558005333,"_runtime":2389.4026972,"Episode/rew_foot_landing_vel":-0.036830030381679535,"Episode/rew_tracking_lin_vel":0.00803053192794323,"_timestamp":1.757390706696845e+09,"Perf/learning_time":0.5137841701507568,"Train/mean_episode_length":53.74,"Episode/rew_collision":-0.0068354532122612,"Episode/rew_dof_pos_limits":-0.0004799577291123569,"Episode/rew_dof_acc":-0.0032274972181767225,"Episode/rew_feet_regulation":-0.013289278373122215,"Loss/encoder":0.24810105934739113,"Policy/mean_kl":0.010430977790383622}