{"Perf/total_fps":7191,"_runtime":1415.397531599,"Episode/rew_foot_landing_vel":-0.07919821888208389,"Loss/encoder":0.2158290132880211,"Episode/rew_collision":-0.0046516540460288525,"log_dir":"Sep09_04-22-36_","Policy/mean_kl":0.01603795803966932,"Episode/rew_action_rate":-0.008167057298123837,"Episode/rew_torques":-0.00680848304182291,"Loss/surrogate":-0.009677939795074053,"Train/mean_reward":-8.499433708190917,"_step":158,"Episode/rew_tracking_contacts_shaped_force":-0.014331130310893059,"Episode/rew_feet_regulation":-0.02111107110977173,"Perf/collection time":8.71650767326355,"Loss/value_function":0.4329410806298256,"Policy/mean_noise_std":1.0402368307113647,"Episode/rew_keep_balance":0.056633755564689636,"Episode/rew_tracking_lin_vel":0.008423039689660072,"Episode/rew_action_smooth":-0.022107090801000595,"Episode/rew_feet_distance":-0.0033858062233775854,"Episode/rew_ang_vel_xy":-0.049795813858509064,"Episode/rew_orientation":-0.2110184282064438,"_timestamp":1.757393166319943e+09,"Perf/learning_time":0.18254995346069336,"Episode/rew_dof_acc":-0.00393705116584897,"Episode/rew_base_height":-0.017021119594573975,"Train/mean_episode_length":55.64,"Episode/rew_tracking_ang_vel":0.003599014598876238,"Episode/rew_dof_pos_limits":-0.0009230808936990798,"Loss/learning_rate":0.0008779149519890257,"Episode/rew_tracking_contacts_shaped_vel":-0.04377053305506706,"_wandb":{"runtime":1415},"Episode/rew_lin_vel_z":-0.009235531091690063}