{"Loss/encoder":0.023007326200604437,"log_dir":"Sep09_04-46-39_","_wandb":{"runtime":8927},"Loss/surrogate":-0.007241261145099998,"Train/mean_episode_length":930.57,"Episode/rew_base_height":-0.01382759865373373,"Episode/rew_orientation":-0.07868199050426483,"Perf/learning_time":0.1743171215057373,"Perf/collection time":0.3954801559448242,"Episode/rew_keep_balance":0.8938456773757935,"Episode/rew_tracking_contacts_shaped_vel":-0.12751999497413635,"Episode/rew_ang_vel_xy":-0.0472642183303833,"Loss/learning_rate":0.00038443359375000017,"Episode/rew_feet_distance":-0.02351454086601734,"Episode/rew_dof_pos_limits":-0.001245095394551754,"Episode/rew_torques":-0.17341171205043793,"_step":14999,"Policy/mean_noise_std":0.4823828637599945,"Episode/rew_lin_vel_z":-0.012827662751078606,"Episode/rew_foot_landing_vel":-0.028511889278888702,"Train/mean_reward":16.034151198863984,"Episode/rew_feet_regulation":-0.03934209421277046,"Episode/rew_action_rate":-0.055180858820676804,"_runtime":8927.525848091,"Perf/total_fps":112320,"Loss/value_function":0.044975426979362965,"Episode/rew_tracking_ang_vel":0.2726445496082306,"Episode/rew_tracking_lin_vel":0.5008976459503174,"Episode/rew_dof_acc":-0.015191459096968174,"Episode/rew_collision":-0.0002366071130381897,"_timestamp":1.757402129150939e+09,"Episode/rew_action_smooth":-0.10908040404319763,"Episode/rew_tracking_contacts_shaped_force":-0.17977699637413025,"Policy/mean_kl":0.01443309587193653}