{"Perf/learning_time":0.12506985664367676,"Episode/rew_dof_acc":-0.01846746727824211,"Episode/rew_collision":-0.0017023810651153326,"_wandb":{"runtime":5180},"log_dir":"Sep09_19-47-41_","Episode/rew_torques":-0.1130448654294014,"Perf/total_fps":100596,"Loss/value_function":0.06095173060894012,"_step":14999,"Loss/encoder":0.028269566781818866,"Episode/rew_tracking_contacts_shaped_vel":-0.1600218117237091,"Episode/rew_tracking_ang_vel":0.25202417373657227,"Episode/rew_orientation":-0.10215646028518677,"Episode/rew_lin_vel_z":-0.012999465689063072,"_runtime":5180.363238515,"Episode/rew_tracking_contacts_shaped_force":-0.135113924741745,"Loss/learning_rate":0.00011390625000000006,"Episode/rew_base_height":-0.2327958345413208,"Train/mean_reward":-1.0885329934954644,"Episode/rew_feet_distance":-0.02723178267478943,"Perf/collection time":0.2006676197052002,"Episode/rew_feet_regulation":-0.08298555016517639,"Policy/mean_noise_std":0.5378552675247192,"Episode/rew_jump_height":0,"Policy/mean_kl":0.017234581723459996,"Train/mean_episode_length":859,"Episode/rew_dof_pos_limits":-0.001806158572435379,"Loss/surrogate":-0.007528878189623356,"_timestamp":1.7574524438126764e+09,"Episode/rew_foot_landing_vel":-0.0205820482224226,"Episode/rew_ang_vel_xy":-0.065426304936409,"Episode/rew_action_rate":-0.05444788932800293,"Episode/rew_action_smooth":-0.11762911826372147,"Episode/rew_keep_balance":0.853257954120636}