{"Train/mean_reward":-9.291207389831543,"Perf/learning_time":0.34935903549194336,"Episode/rew_dof_acc":-0.002121416851878166,"Loss/value_function":2.2148165822029116,"Episode/rew_base_height":-0.010972228832542896,"Episode/rew_dof_pos_limits":-9.174001752398908e-05,"Episode/rew_ang_vel_xy":-0.024968639016151428,"Episode/rew_feet_distance":-0.03524211049079895,"Episode/rew_orientation":-0.26448357105255127,"Train/mean_episode_length":48,"Episode/rew_keep_balance":0.04146605730056763,"Episode/rew_tracking_contacts_shaped_vel":-0.0329991951584816,"Loss/surrogate":0.002707286039367318,"Perf/total_fps":7443,"_runtime":64.941238089,"Loss/encoder":1.0012385606765748,"Episode/rew_collision":-0.0034240027889609337,"Episode/rew_action_rate":-0.004855477251112461,"Episode/rew_lin_vel_z":-0.0071539864875376225,"Episode/rew_tracking_contacts_shaped_force":-0.010522207245230675,"log_dir":"Sep09_04-16-18_","Policy/mean_noise_std":0.9962931871414185,"_wandb":{"runtime":64},"_timestamp":1.7573914335999663e+09,"Episode/rew_torques":-0.0032041750382632017,"Loss/learning_rate":0.007593750000000003,"_step":2,"Episode/rew_action_smooth":-0.014390860684216022,"Policy/mean_kl":0.007888958199691843,"Episode/rew_foot_landing_vel":-0.0013343800092115998,"Episode/rew_tracking_ang_vel":0.004719667602330446,"Perf/collection time":17.260188817977905,"Episode/rew_tracking_lin_vel":0.007981659844517708,"Episode/rew_feet_regulation":-0.016636712476611137}