{"Episode/rew_torques":-0.0056990752927958965,"Loss/encoder":0.23188304677605628,"Episode/rew_ang_vel_xy":-0.0416649729013443,"Episode/rew_tracking_lin_vel":0.008347942493855953,"_runtime":160.220924171,"Policy/mean_noise_std":1.0134267807006836,"Episode/rew_dof_pos_limits":-0.000556201150175184,"_timestamp":1.7573909239043074e+09,"Loss/surrogate":-0.001635922197056061,"_wandb":{"runtime":160},"log_dir":"Sep09_04-06-02_","Episode/rew_feet_regulation":-0.016111833974719048,"Episode/rew_foot_landing_vel":-0.05459371209144592,"Train/mean_reward":-8.228350024223328,"Episode/rew_lin_vel_z":-0.009153454564511776,"Perf/learning_time":0.5162756443023682,"Episode/rew_keep_balance":0.05490948259830475,"Episode/rew_orientation":-0.24797162413597107,"Episode/rew_collision":-0.006418587174266577,"Episode/rew_dof_acc":-0.003308250103145838,"Loss/value_function":0.5266871333122254,"Perf/collection time":0.9204385280609131,"_step":110,"Train/mean_episode_length":55.12,"Episode/rew_action_smooth":-0.018795566633343697,"Policy/mean_kl":0.012153017241507769,"Episode/rew_tracking_ang_vel":0.003606413258239627,"Loss/learning_rate":0.0008779149519890263,"Episode/rew_tracking_contacts_shaped_vel":-0.04105643182992935,"Episode/rew_feet_distance":-0.00370769202709198,"Episode/rew_tracking_contacts_shaped_force":-0.013720116578042507,"Episode/rew_base_height":-0.016068952158093452,"Episode/rew_action_rate":-0.006847159471362829,"Perf/total_fps":136845}