{"Episode/rew_foot_landing_vel":-0.026685072109103203,"Episode/rew_dof_pos_limits":-0.0010567200370132923,"Episode/rew_ang_vel_xy":-0.08096573501825333,"Episode/rew_tracking_ang_vel":0.19507677853107452,"Policy/mean_kl":0.012261739687528462,"Episode/rew_lin_vel_z":-0.01430928148329258,"Perf/learning_time":0.12917065620422363,"Episode/rew_feet_distance":-0.035334184765815735,"_runtime":28119.287535876,"Episode/rew_torques":-0.10718230158090591,"Episode/rew_jump_height":0,"Episode/rew_feet_regulation":-0.10889463871717453,"Loss/encoder":0.03299195291474462,"Episode/rew_orientation":-0.09017136693000793,"Episode/rew_action_smooth":-0.12332841008901596,"_wandb":{"runtime":28119},"Train/mean_reward":-2.556486557871103,"log_dir":"Sep09_11-58-21_","Perf/total_fps":7193,"Loss/surrogate":-0.009631313162390142,"Train/mean_episode_length":846.89,"Policy/mean_noise_std":0.5588540434837341,"Episode/rew_tracking_contacts_shaped_force":-0.1253139227628708,"Perf/collection time":4.4263317584991455,"Loss/value_function":0.04401192758232355,"Episode/rew_base_height":-0.23504513502120972,"Episode/rew_dof_acc":-0.02069517970085144,"Episode/rew_action_rate":-0.05607295036315918,"Loss/learning_rate":0.00017085937500000009,"_step":6186,"Episode/rew_tracking_contacts_shaped_vel":-0.16681526601314545,"Episode/rew_keep_balance":0.8521910905838013,"Episode/rew_collision":-0.0004302083107177168,"_timestamp":1.7574472201954947e+09}