{"_step":15,"Policy/mean_noise_std":0.9839851260185242,"Train/mean_episode_length":59.58,"Episode/rew_dof_acc":-0.003165646456182003,"log_dir":"Sep09_11-51-15_","Train/mean_reward":-13.053669805526733,"Loss/learning_rate":0.01,"Perf/total_fps":7223,"Episode/rew_tracking_contacts_shaped_vel":-0.046025678515434265,"Episode/rew_orientation":-0.4078242778778076,"Episode/rew_jump_height":0,"Episode/rew_lin_vel_z":-0.008505476638674736,"Episode/rew_keep_balance":0.0601181834936142,"Episode/rew_tracking_contacts_shaped_force":-0.015384640544652939,"Perf/collection time":6.501113176345825,"Episode/rew_action_rate":-0.007018630858510733,"Episode/rew_feet_regulation":-0.00605939794331789,"Episode/rew_feet_distance":-0.049321942031383514,"Episode/rew_dof_pos_limits":-0.0001082981689251028,"Episode/rew_action_smooth":-0.020917046815156937,"Episode/rew_collision":-0.008084174245595932,"Loss/encoder":0.3965391606092453,"Episode/rew_tracking_ang_vel":0.0036952835507690907,"_timestamp":1.7574187845358553e+09,"Loss/surrogate":-0.004527027596486733,"Loss/value_function":1.1779065012931824,"_wandb":{"runtime":108},"Episode/rew_ang_vel_xy":-0.026338841766119003,"Episode/rew_foot_landing_vel":-0.013749196194112301,"Policy/mean_kl":0.0061515292720287105,"Episode/rew_base_height":-0.08732049912214279,"_runtime":108.009834935,"Perf/learning_time":0.14391541481018066,"Episode/rew_torques":-0.004826659802347422}