{"Policy/mean_noise_std":0.9966739416122437,"Episode/rew_tracking_contacts_shaped_vel":-0.052565813064575195,"Episode/rew_ang_vel_xy":-0.027729123830795288,"log_dir":"Sep09_04-18-33_","Episode/rew_dof_pos_limits":-0.00015384967264253646,"Train/mean_reward":-13.609905066490173,"Episode/rew_lin_vel_z":-0.008601640351116657,"Episode/rew_tracking_contacts_shaped_force":-0.021050434559583664,"Episode/rew_action_rate":-0.008330516517162323,"Perf/total_fps":7290,"_timestamp":1.757391560283955e+09,"_wandb":{"runtime":50},"Train/mean_episode_length":76.49,"Perf/learning_time":0.1766963005065918,"_runtime":50.825707224,"Episode/rew_tracking_ang_vel":0.007301502861082554,"Loss/value_function":1.2216459333896637,"Episode/rew_keep_balance":0.07211166620254517,"Episode/rew_orientation":-0.48338305950164795,"Episode/rew_dof_acc":-0.003400304587557912,"Policy/mean_kl":0.007037408121323097,"Loss/surrogate":-0.000714967428939417,"Episode/rew_feet_distance":-0.07025899738073349,"Loss/learning_rate":0.01,"Episode/rew_foot_landing_vel":-0.0031312373466789722,"Episode/rew_base_height":-0.01911814883351326,"Episode/rew_collision":-0.008405787870287895,"_step":4,"Episode/rew_feet_regulation":-0.01966811716556549,"Episode/rew_torques":-0.005948454607278109,"Episode/rew_action_smooth":-0.024675652384757996,"Episode/rew_tracking_lin_vel":0.016811810433864594,"Loss/encoder":0.6963378638029099,"Perf/collection time":8.602318048477173}